gene,rna_lfc,rna_p,prot_lfc,prot_p,mutation_freq,concordant,transcriptomic,proteomic,genomic,score
ACTN2,-3.447003960396041,4.7993839310524775e-51,-1.730804718245704,8.882219327363175e-63,0.12037037037037036,True,3.447003960396041,1.730804718245704,0.12037037037037036,0.9921574430304824
ZNF536,-2.7159792079207916,3.992166915579271e-31,2.711759770392907,6.376380386910814e-05,0.12037037037037036,False,2.7159792079207916,2.711759770392907,0.12037037037037036,0.9875702870671795
COL6A6,-3.042473267326733,3.61350160521807e-45,-1.8854647837651228,2.6420273393339097e-52,0.08333333333333333,True,3.042473267326733,1.8854647837651228,0.08333333333333333,0.9859179244352372
TNR,-3.7627465346534663,6.26716841742715e-36,-1.2661999582832437,1.8025625286148108e-30,0.1111111111111111,True,3.7627465346534663,1.2661999582832437,0.1111111111111111,0.9850054256683437
SCN7A,-2.9361227722772267,4.000877519946656e-39,-1.4065933973094136,2.8991793668006336e-45,0.09259259259259259,True,2.9361227722772267,1.4065933973094136,0.09259259259259259,0.9823665778830027
ABCA8,-3.256992079207921,6.276034267192841e-48,-1.5808829818169163,3.469583834131406e-55,0.05555555555555555,True,3.256992079207921,1.5808829818169163,0.05555555555555555,0.9757817894840682
ADAMTS16,2.558141584158416,4.323996875539814e-26,1.233880803156137,3.375016385896737e-08,0.10185185185185185,True,2.558141584158416,1.233880803156137,0.10185185185185185,0.9726496991220281
TNXB,-2.9515277227722763,2.5860490182589867e-43,-1.4559766975440416,7.24044155775061e-47,0.05555555555555555,True,2.9515277227722763,1.4559766975440416,0.05555555555555555,0.9721811186741639
NOS1,-3.691041584158416,1.947634828001316e-36,-1.0692185195457071,3.994112036658064e-24,0.07407407407407407,True,3.691041584158416,1.0692185195457071,0.07407407407407407,0.9718111867416396
MYH2,-2.7261633663366327,1.727734043681037e-32,-1.6111292887990165,0.027572232606694287,0.05555555555555555,True,2.7261633663366327,1.6111292887990165,0.05555555555555555,0.970849363717076
MASP1,-3.403353465346533,1.3850340522674202e-52,-1.1347247123458,6.123314847818497e-48,0.06481481481481481,True,3.403353465346533,1.1347247123458,0.06481481481481481,0.9702328104962019
ERICH3,-3.3403297029702954,5.838046009810828e-24,-0.9887117912439725,3.2160911385874416e-19,0.09259259259259259,True,3.3403297029702954,0.9887117912439725,0.09259259259259259,0.9694929466311532
COL11A1,6.156878217821784,3.844462007689176e-41,0.8706450827536084,1.419047804837777e-15,0.2037037037037037,True,6.156878217821784,0.8706450827536084,0.2037037037037037,0.9681365295452302
SEMA5A,-2.430893069306931,1.1880431956202843e-49,-1.0963532567893983,4.0643963043597e-20,0.12037037037037036,True,2.430893069306931,1.0963532567893983,0.12037037037037036,0.9671500443918318
GDF10,-3.7102425742574257,1.2129915553140373e-43,-1.354043578142304,1.3306162950402355e-35,0.046296296296296294,True,3.7102425742574257,1.354043578142304,0.046296296296296294,0.9666074775574627
